<?xml version="1.0"?>
<root>
  <frame_type>
    <BYTE_SIZE>1</BYTE_SIZE>
    <TYPE>UNSIGNED</TYPE>
    <Temperatura>
      <TT301>06</TT301>
    </Temperatura>
    <VazãoemDuto>
      <FY301>06</FY301>
      <LD301>06</LD301>
      <TT301>06</TT301>
    </VazãoemDuto>
    <Densidade>
      <DT301>06</DT301>
    </Densidade>
  </frame_type>
  <address_type>
    <BYTE_SIZE>1</BYTE_SIZE>
    <TYPE>UNSIGNED</TYPE>
    <Temperatura>
      <TT301>00</TT301>
    </Temperatura>
    <VazãoemDuto>
      <FY301>00</FY301>
      <LD301>00</LD301>
      <TT301>00</TT301>
    </VazãoemDuto>
    <Densidade>
      <DT301>00</DT301>
    </Densidade>
  </address_type>
  <error_code>
    <BYTE_SIZE>2</BYTE_SIZE>
    <TYPE>ENUM00</TYPE>
    <Temperatura>
      <TT301>00 40</TT301>
    </Temperatura>
    <VazãoemDuto>
      <FY301>00 40</FY301>
      <LD301>00 40</LD301>
      <TT301>00 40</TT301>
    </VazãoemDuto>
    <Densidade>
      <DT301>00 40</DT301>
    </Densidade>
  </error_code>
  <response_code>
    <BYTE_SIZE>1</BYTE_SIZE>
    <TYPE>ENUM27</TYPE>
    <Temperatura>
      <TT301>30</TT301>
    </Temperatura>
    <VazãoemDuto>
      <FY301>30</FY301>
      <LD301>30</LD301>
      <TT301>30</TT301>
    </VazãoemDuto>
    <Densidade>
      <DT301>30</DT301>
    </Densidade>
  </response_code>
  <device_status>
    <BYTE_SIZE>1</BYTE_SIZE>
    <TYPE>BIT_ENUM02</TYPE>
    <Temperatura>
      <TT301>20</TT301>
    </Temperatura>
    <VazãoemDuto>
      <FY301>20</FY301>
      <LD301>20</LD301>
      <TT301>20</TT301>
    </VazãoemDuto>
    <Densidade>
      <DT301>20</DT301>
    </Densidade>
  </device_status>
  <comm_status>
    <BYTE_SIZE>1</BYTE_SIZE>
    <TYPE>BIT_ENUM03</TYPE>
    <Temperatura>
      <TT301>00</TT301>
    </Temperatura>
    <VazãoemDuto>
      <FY301>00</FY301>
      <LD301>00</LD301>
      <TT301>00</TT301>
    </VazãoemDuto>
    <Densidade>
      <DT301>00</DT301>
    </Densidade>
  </comm_status>
  <master_slave>
    <BYTE_SIZE>1</BYTE_SIZE>
    <TYPE>BIT_ENUM01</TYPE>
    <Temperatura>
      <TT301>80</TT301>
    </Temperatura>
    <VazãoemDuto>
      <FY301>80</FY301>
      <LD301>80</LD301>
      <TT301>80</TT301>
    </VazãoemDuto>
    <Densidade>
      <DT301>80</DT301>
    </Densidade>
  </master_slave>
  <manufacturer_id>
    <BYTE_SIZE>1</BYTE_SIZE>
    <TYPE>ENUM08</TYPE>
    <Temperatura>
      <TT301>3E</TT301>
    </Temperatura>
    <VazãoemDuto>
      <FY301>3E</FY301>
      <LD301>3E</LD301>
      <TT301>3E</TT301>
    </VazãoemDuto>
    <Densidade>
      <DT301>3E</DT301>
    </Densidade>
  </manufacturer_id>
  <device_type>
    <BYTE_SIZE>1</BYTE_SIZE>
    <TYPE>ENUM01</TYPE>
    <Temperatura>
      <TT301>02</TT301>
    </Temperatura>
    <VazãoemDuto>
      <FY301>01</FY301>
      <LD301>07</LD301>
      <TT301>07</TT301>
    </VazãoemDuto>
    <Densidade>
      <DT301>06</DT301>
    </Densidade>
  </device_type>
  <request_preambles>
    <BYTE_SIZE>1</BYTE_SIZE>
    <TYPE>UNSIGNED</TYPE>
    <Temperatura>
      <TT301>05</TT301>
    </Temperatura>
    <VazãoemDuto>
      <FY301>05</FY301>
      <LD301>05</LD301>
      <TT301>05</TT301>
    </VazãoemDuto>
    <Densidade>
      <DT301>05</DT301>
    </Densidade>
  </request_preambles>
  <hart_revision>
    <BYTE_SIZE>1</BYTE_SIZE>
    <TYPE>UNSIGNED</TYPE>
    <Temperatura>
      <TT301>05</TT301>
    </Temperatura>
    <VazãoemDuto>
      <FY301>05</FY301>
      <LD301>05</LD301>
      <TT301>05</TT301>
    </VazãoemDuto>
    <Densidade>
      <DT301>05</DT301>
    </Densidade>
  </hart_revision>
  <transmitter_revision>
    <BYTE_SIZE>1</BYTE_SIZE>
    <TYPE>UNSIGNED</TYPE>
    <Temperatura>
      <TT301>30</TT301>
    </Temperatura>
    <VazãoemDuto>
      <FY301>30</FY301>
      <LD301>30</LD301>
      <TT301>30</TT301>
    </VazãoemDuto>
    <Densidade>
      <DT301>30</DT301>
    </Densidade>
  </transmitter_revision>
  <software_revision>
    <BYTE_SIZE>1</BYTE_SIZE>
    <TYPE>UNSIGNED</TYPE>
    <Temperatura>
      <TT301>04</TT301>
    </Temperatura>
    <VazãoemDuto>
      <FY301>04</FY301>
      <LD301>04</LD301>
      <TT301>04</TT301>
    </VazãoemDuto>
    <Densidade>
      <DT301>04</DT301>
    </Densidade>
  </software_revision>
  <hardware_revision>
    <BYTE_SIZE>1</BYTE_SIZE>
    <TYPE>UNSIGNED</TYPE>
    <Temperatura>
      <TT301>01</TT301>
    </Temperatura>
    <VazãoemDuto>
      <FY301>01</FY301>
      <LD301>01</LD301>
      <TT301>01</TT301>
    </VazãoemDuto>
    <Densidade>
      <DT301>01</DT301>
    </Densidade>
  </hardware_revision>
  <device_flags>
    <BYTE_SIZE>1</BYTE_SIZE>
    <TYPE>BIT_ENUM04</TYPE>
    <Temperatura>
      <TT301>00</TT301>
    </Temperatura>
    <VazãoemDuto>
      <FY301>00</FY301>
      <LD301>00</LD301>
      <TT301>00</TT301>
    </VazãoemDuto>
    <Densidade>
      <DT301>00</DT301>
    </Densidade>
  </device_flags>
  <device_id>
    <BYTE_SIZE>3</BYTE_SIZE>
    <TYPE>UNSIGNED</TYPE>
    <Temperatura>
      <TT301>00 1E 66</TT301>
    </Temperatura>
    <VazãoemDuto>
      <FY301>00 1E 66</FY301>
      <LD301>00 1E 66</LD301>
      <TT301>00 1E 66</TT301>
    </VazãoemDuto>
    <Densidade>
      <DT301>00 1E 66</DT301>
    </Densidade>
  </device_id>
  <polling_address>
    <BYTE_SIZE>1</BYTE_SIZE>
    <TYPE>UNSIGNED</TYPE>
    <Temperatura>
      <TT301>80</TT301>
    </Temperatura>
    <VazãoemDuto>
      <FY301>80</FY301>
      <LD301>80</LD301>
      <TT301>80</TT301>
    </VazãoemDuto>
    <Densidade>
      <DT301>80</DT301>
    </Densidade>
  </polling_address>
  <tag>
    <BYTE_SIZE>8</BYTE_SIZE>
    <TYPE>PACKED_ASCII</TYPE>
    <Temperatura>
      <TT301>51 4C F0 C6 08 20</TT301>
    </Temperatura>
    <VazãoemDuto>
      <FY301>30 4C F0 C6 08 20</FY301>
      <LD301>19 9C F0 C6 08 20</LD301>
      <TT301>19 9C F0 C6 08 20</TT301>
    </VazãoemDuto>
    <Densidade>
      <DT301>11 4C F0 C6 08 20</DT301>
    </Densidade>
  </tag>
  <message>
    <BYTE_SIZE>32</BYTE_SIZE>
    <TYPE>PACKED_ASCII</TYPE>
    <Temperatura>
      <TT301>34 51 09 10 F4 A0 10 58 14 14 D4 05 48 15 15 48 18 20 82 08 20 82 08 20</TT301>
    </Temperatura>
    <VazãoemDuto>
      <FY301>34 51 09 10 F4 A0 10 58 10 48 54 D3 04 F8 20 82 08 20 82 08 20 82 08 20</FY301>
      <LD301>40 F4 C9 0C 93 CE 04 43 D2 80 41 60 58 13 16 54 C0 60 82 08 20 82 08 20</LD301>
      <TT301>40 F4 C9 0C 93 CE 04 43 D2 80 41 60 58 13 16 54 C0 60 82 08 20 82 08 20</TT301>
    </VazãoemDuto>
    <Densidade>
      <DT301>34 51 09 10 F4 A0 10 58 04 14 E4 C9 10 11 05 82 08 20 82 08 20 82 08 20</DT301>
    </Densidade>
  </message>
  <descriptor>
    <BYTE_SIZE>16</BYTE_SIZE>
    <TYPE>PACKED_ASCII</TYPE>
    <Temperatura>
      <TT301>50 53 50 15 20 54 55 20 60 82 08 20</TT301>
    </Temperatura>
    <VazãoemDuto>
      <FY301>41 21 53 4C 13 E0 82 08 20 82 08 20</FY301>
      <LD301>40 F4 C9 0C 93 CE 04 43 D2 82 08 20</LD301>
      <TT301>40 F4 C9 0C 93 CE 04 43 D2 82 08 20</TT301>
    </VazãoemDuto>
    <Densidade>
      <DT301>10 53 93 24 40 44 16 08 20 82 08 20</DT301>
    </Densidade>
  </descriptor>
  <date>
    <BYTE_SIZE>3</BYTE_SIZE>
    <TYPE>DATE</TYPE>
    <Temperatura>
      <TT301>13 08 79</TT301>
    </Temperatura>
    <VazãoemDuto>
      <FY301>13 08 79</FY301>
      <LD301>13 08 79</LD301>
      <TT301>13 08 79</TT301>
    </VazãoemDuto>
    <Densidade>
      <DT301>13 08 79</DT301>
    </Densidade>
  </date>
  <upper_range_value>
    <BYTE_SIZE>4</BYTE_SIZE>
    <TYPE>FLOAT</TYPE>
    <Temperatura>
      <TT301>44 54 80 00</TT301>
    </Temperatura>
    <VazãoemDuto>
      <FY301>44 54 80 00</FY301>
      <LD301>44 54 80 00</LD301>
      <TT301>44 54 80 00</TT301>
    </VazãoemDuto>
    <Densidade>
      <DT301>44 54 80 00</DT301>
    </Densidade>
  </upper_range_value>
  <lower_range_value>
    <BYTE_SIZE>4</BYTE_SIZE>
    <TYPE>FLOAT</TYPE>
    <Temperatura>
      <TT301>C3 48 00 00</TT301>
    </Temperatura>
    <VazãoemDuto>
      <FY301>C3 48 00 00</FY301>
      <LD301>C3 48 00 00</LD301>
      <TT301>C3 48 00 00</TT301>
    </VazãoemDuto>
    <Densidade>
      <DT301>C3 48 00 00</DT301>
    </Densidade>
  </lower_range_value>
  <PROCESS_VARIABLE>
    <BYTE_SIZE>4</BYTE_SIZE>
    <TYPE>FLOAT</TYPE>
    <Temperatura>
      <TT301>42 48 00 00</TT301>
    </Temperatura>
    <VazãoemDuto>
      <FY301>42 48 00 00</FY301>
      <LD301>42 48 00 00</LD301>
      <TT301>42 48 00 00</TT301>
    </VazãoemDuto>
    <Densidade>
      <DT301>42 48 00 00</DT301>
    </Densidade>
  </PROCESS_VARIABLE>
  <percent_of_range>
    <BYTE_SIZE>4</BYTE_SIZE>
    <TYPE>FLOAT</TYPE>
    <Temperatura>
      <TT301>$100 * (PROCESS_VARIABLE - lower_range_value) / (upper_range_value - lower_range_value)</TT301>
    </Temperatura>
    <VazãoemDuto>
      <FY301>$100 * (PROCESS_VARIABLE - lower_range_value) / (upper_range_value - lower_range_value)</FY301>
      <LD301>$100 * (PROCESS_VARIABLE - lower_range_value) / (upper_range_value - lower_range_value)</LD301>
      <TT301>$100 * (PROCESS_VARIABLE - lower_range_value) / (upper_range_value - lower_range_value)</TT301>
    </VazãoemDuto>
    <Densidade>
      <DT301>$100 * (PROCESS_VARIABLE - lower_range_value) / (upper_range_value - lower_range_value)</DT301>
    </Densidade>
  </percent_of_range>
  <loop_current>
    <BYTE_SIZE>4</BYTE_SIZE>
    <TYPE>FLOAT</TYPE>
    <Temperatura>
      <TT301>$(percent_of_range*0.16)+4</TT301>
    </Temperatura>
    <VazãoemDuto>
      <FY301>$(percent_of_range*0.16)+4</FY301>
      <LD301>$(percent_of_range*0.16)+4</LD301>
      <TT301>$(percent_of_range*0.16)+4</TT301>
    </VazãoemDuto>
    <Densidade>
      <DT301>$(percent_of_range*0.16)+4</DT301>
    </Densidade>
  </loop_current>
  <write_protect>
    <BYTE_SIZE>1</BYTE_SIZE>
    <TYPE>ENUM00</TYPE>
    <Temperatura>
      <TT301/>
    </Temperatura>
    <VazãoemDuto>
      <FY301/>
      <LD301/>
      <TT301/>
    </VazãoemDuto>
    <Densidade>
      <DT301/>
    </Densidade>
  </write_protect>
  <private_label_distributor>
    <BYTE_SIZE>1</BYTE_SIZE>
    <TYPE>ENUM00</TYPE>
    <Temperatura>
      <TT301/>
    </Temperatura>
    <VazãoemDuto>
      <FY301/>
      <LD301/>
      <TT301/>
    </VazãoemDuto>
    <Densidade>
      <DT301/>
    </Densidade>
  </private_label_distributor>
  <final_assembly_number>
    <BYTE_SIZE>3</BYTE_SIZE>
    <TYPE>UNSIGNED</TYPE>
    <Temperatura>
      <TT301/>
    </Temperatura>
    <VazãoemDuto>
      <FY301/>
      <LD301/>
      <TT301/>
    </VazãoemDuto>
    <Densidade>
      <DT301/>
    </Densidade>
  </final_assembly_number>
  <physical_signaling_code>
    <BYTE_SIZE>1</BYTE_SIZE>
    <TYPE>ENUM10</TYPE>
    <Temperatura>
      <TT301>00</TT301>
    </Temperatura>
    <VazãoemDuto>
      <FY301/>
      <LD301/>
      <TT301/>
    </VazãoemDuto>
    <Densidade>
      <DT301/>
    </Densidade>
  </physical_signaling_code>
  <units_code>
    <BYTE_SIZE>1</BYTE_SIZE>
    <TYPE>ENUM02</TYPE>
    <Temperatura>
      <TT301>20</TT301>
    </Temperatura>
    <VazãoemDuto>
      <FY301/>
      <LD301/>
      <TT301/>
    </VazãoemDuto>
    <Densidade>
      <DT301/>
    </Densidade>
  </units_code>
  <transfer_function_code>
    <BYTE_SIZE>1</BYTE_SIZE>
    <TYPE>ENUM03</TYPE>
    <Temperatura>
      <TT301>00</TT301>
    </Temperatura>
    <VazãoemDuto>
      <FY301/>
      <LD301/>
      <TT301/>
    </VazãoemDuto>
    <Densidade>
      <DT301/>
    </Densidade>
  </transfer_function_code>
  <alarm_selection_code>
    <BYTE_SIZE>1</BYTE_SIZE>
    <TYPE>ENUM06</TYPE>
    <Temperatura>
      <TT301>FB</TT301>
    </Temperatura>
    <VazãoemDuto>
      <FY301/>
      <LD301/>
      <TT301/>
    </VazãoemDuto>
    <Densidade>
      <DT301/>
    </Densidade>
  </alarm_selection_code>
  <material_code>
    <BYTE_SIZE>1</BYTE_SIZE>
    <TYPE>ENUM04</TYPE>
    <Temperatura>
      <TT301>02</TT301>
    </Temperatura>
    <VazãoemDuto>
      <FY301/>
      <LD301/>
      <TT301/>
    </VazãoemDuto>
    <Densidade>
      <DT301/>
    </Densidade>
  </material_code>
  <write_protect_code>
    <BYTE_SIZE>1</BYTE_SIZE>
    <TYPE>ENUM07</TYPE>
    <Temperatura>
      <TT301>FB</TT301>
    </Temperatura>
    <VazãoemDuto>
      <FY301/>
      <LD301/>
      <TT301/>
    </VazãoemDuto>
    <Densidade>
      <DT301/>
    </Densidade>
  </write_protect_code>
  <burst_mode_control_code>
    <BYTE_SIZE>1</BYTE_SIZE>
    <TYPE>ENUM09</TYPE>
    <Temperatura>
      <TT301>FB</TT301>
    </Temperatura>
    <VazãoemDuto>
      <FY301/>
      <LD301/>
      <TT301/>
    </VazãoemDuto>
    <Densidade>
      <DT301/>
    </Densidade>
  </burst_mode_control_code>
  <flag_assignment>
    <BYTE_SIZE>1</BYTE_SIZE>
    <TYPE>ENUM11</TYPE>
    <Temperatura>
      <TT301>01</TT301>
    </Temperatura>
    <VazãoemDuto>
      <FY301/>
      <LD301/>
      <TT301/>
    </VazãoemDuto>
    <Densidade>
      <DT301/>
    </Densidade>
  </flag_assignment>
  <operating_mode_code>
    <BYTE_SIZE>1</BYTE_SIZE>
    <TYPE>ENUM14</TYPE>
    <Temperatura>
      <TT301>00</TT301>
    </Temperatura>
    <VazãoemDuto>
      <FY301/>
      <LD301/>
      <TT301/>
    </VazãoemDuto>
    <Densidade>
      <DT301/>
    </Densidade>
  </operating_mode_code>
  <analog_output_numbers_code>
    <BYTE_SIZE>1</BYTE_SIZE>
    <TYPE>ENUM15</TYPE>
    <Temperatura>
      <TT301>00</TT301>
    </Temperatura>
    <VazãoemDuto>
      <FY301/>
      <LD301/>
      <TT301/>
    </VazãoemDuto>
    <Densidade>
      <DT301/>
    </Densidade>
  </analog_output_numbers_code>
  <burst_command_number>
    <BYTE_SIZE>1</BYTE_SIZE>
    <TYPE>ENUM00</TYPE>
    <Temperatura>
      <TT301/>
    </Temperatura>
    <VazãoemDuto>
      <FY301/>
      <LD301/>
      <TT301/>
    </VazãoemDuto>
    <Densidade>
      <DT301/>
    </Densidade>
  </burst_command_number>
  <burst_mode_select>
    <BYTE_SIZE>1</BYTE_SIZE>
    <TYPE>ENUM00</TYPE>
    <Temperatura>
      <TT301/>
    </Temperatura>
    <VazãoemDuto>
      <FY301/>
      <LD301/>
      <TT301/>
    </VazãoemDuto>
    <Densidade>
      <DT301/>
    </Densidade>
  </burst_mode_select>
  <meter_installation>
    <BYTE_SIZE>1</BYTE_SIZE>
    <TYPE>ENUM00</TYPE>
    <Temperatura>
      <TT301/>
    </Temperatura>
    <VazãoemDuto>
      <FY301/>
      <LD301/>
      <TT301/>
    </VazãoemDuto>
    <Densidade>
      <DT301/>
    </Densidade>
  </meter_installation>
  <digital_units>
    <BYTE_SIZE>1</BYTE_SIZE>
    <TYPE>ENUM00</TYPE>
    <Temperatura>
      <TT301/>
    </Temperatura>
    <VazãoemDuto>
      <FY301/>
      <LD301/>
      <TT301/>
    </VazãoemDuto>
    <Densidade>
      <DT301/>
    </Densidade>
  </digital_units>
  <sensor_type>
    <BYTE_SIZE>1</BYTE_SIZE>
    <TYPE>ENUM00</TYPE>
    <Temperatura>
      <TT301/>
    </Temperatura>
    <VazãoemDuto>
      <FY301/>
      <LD301/>
      <TT301/>
    </VazãoemDuto>
    <Densidade>
      <DT301/>
    </Densidade>
  </sensor_type>
  <analog_output_transfer_function>
    <BYTE_SIZE>1</BYTE_SIZE>
    <TYPE>ENUM00</TYPE>
    <Temperatura>
      <TT301/>
    </Temperatura>
    <VazãoemDuto>
      <FY301/>
      <LD301/>
      <TT301/>
    </VazãoemDuto>
    <Densidade>
      <DT301/>
    </Densidade>
  </analog_output_transfer_function>
  <ma_analog_output_1_value>
    <BYTE_SIZE>4</BYTE_SIZE>
    <TYPE>FLOAT</TYPE>
    <Temperatura>
      <TT301/>
    </Temperatura>
    <VazãoemDuto>
      <FY301/>
      <LD301/>
      <TT301/>
    </VazãoemDuto>
    <Densidade>
      <DT301/>
    </Densidade>
  </ma_analog_output_1_value>
  <ma_analog_output_1_alarm_select>
    <BYTE_SIZE>1</BYTE_SIZE>
    <TYPE>ENUM00</TYPE>
    <Temperatura>
      <TT301/>
    </Temperatura>
    <VazãoemDuto>
      <FY301/>
      <LD301/>
      <TT301/>
    </VazãoemDuto>
    <Densidade>
      <DT301/>
    </Densidade>
  </ma_analog_output_1_alarm_select>
  <sensor1_serial_number>
    <BYTE_SIZE>3</BYTE_SIZE>
    <TYPE>UNSIGNED</TYPE>
    <Temperatura>
      <TT301/>
    </Temperatura>
    <VazãoemDuto>
      <FY301/>
      <LD301/>
      <TT301/>
    </VazãoemDuto>
    <Densidade>
      <DT301/>
    </Densidade>
  </sensor1_serial_number>
  <DEVICE_MODE>
    <BYTE_SIZE>1</BYTE_SIZE>
    <TYPE>ENUM00</TYPE>
    <Temperatura>
      <TT301/>
    </Temperatura>
    <VazãoemDuto>
      <FY301/>
      <LD301/>
      <TT301/>
    </VazãoemDuto>
    <Densidade>
      <DT301/>
    </Densidade>
  </DEVICE_MODE>
  <number_wires>
    <BYTE_SIZE>1</BYTE_SIZE>
    <TYPE>ENUM00</TYPE>
    <Temperatura>
      <TT301/>
    </Temperatura>
    <VazãoemDuto>
      <FY301/>
      <LD301/>
      <TT301/>
    </VazãoemDuto>
    <Densidade>
      <DT301/>
    </Densidade>
  </number_wires>
  <device_code>
    <BYTE_SIZE>1</BYTE_SIZE>
    <TYPE>UNSIGNED</TYPE>
    <Temperatura>
      <TT301/>
    </Temperatura>
    <VazãoemDuto>
      <FY301/>
      <LD301/>
      <TT301/>
    </VazãoemDuto>
    <Densidade>
      <DT301/>
    </Densidade>
  </device_code>
  <lin_mode>
    <BYTE_SIZE>1</BYTE_SIZE>
    <TYPE>ENUM00</TYPE>
    <Temperatura>
      <TT301/>
    </Temperatura>
    <VazãoemDuto>
      <FY301/>
      <LD301/>
      <TT301/>
    </VazãoemDuto>
    <Densidade>
      <DT301/>
    </Densidade>
  </lin_mode>
  <SETPOINT>
    <BYTE_SIZE>4</BYTE_SIZE>
    <TYPE>FLOAT</TYPE>
    <Temperatura>
      <TT301/>
    </Temperatura>
    <VazãoemDuto>
      <FY301/>
      <LD301/>
      <TT301/>
    </VazãoemDuto>
    <Densidade>
      <DT301/>
    </Densidade>
  </SETPOINT>
  <MANIPULATED_VARIABLE>
    <BYTE_SIZE>4</BYTE_SIZE>
    <TYPE>FLOAT</TYPE>
    <Temperatura>
      <TT301/>
    </Temperatura>
    <VazãoemDuto>
      <FY301/>
      <LD301/>
      <TT301/>
    </VazãoemDuto>
    <Densidade>
      <DT301/>
    </Densidade>
  </MANIPULATED_VARIABLE>
  <CONTROLLER_TYPE>
    <BYTE_SIZE>1</BYTE_SIZE>
    <TYPE>ENUM00</TYPE>
    <Temperatura>
      <TT301/>
    </Temperatura>
    <VazãoemDuto>
      <FY301/>
      <LD301/>
      <TT301/>
    </VazãoemDuto>
    <Densidade>
      <DT301/>
    </Densidade>
  </CONTROLLER_TYPE>
  <POWER_UP_MODE>
    <BYTE_SIZE>1</BYTE_SIZE>
    <TYPE>ENUM00</TYPE>
    <Temperatura>
      <TT301/>
    </Temperatura>
    <VazãoemDuto>
      <FY301/>
      <LD301/>
      <TT301/>
    </VazãoemDuto>
    <Densidade>
      <DT301/>
    </Densidade>
  </POWER_UP_MODE>
  <CONTROLLER_ACTION>
    <BYTE_SIZE>1</BYTE_SIZE>
    <TYPE>ENUM00</TYPE>
    <Temperatura>
      <TT301/>
    </Temperatura>
    <VazãoemDuto>
      <FY301/>
      <LD301/>
      <TT301/>
    </VazãoemDuto>
    <Densidade>
      <DT301/>
    </Densidade>
  </CONTROLLER_ACTION>
  <unit_code>
    <BYTE_SIZE>1</BYTE_SIZE>
    <TYPE>ENUM00</TYPE>
    <Temperatura>
      <TT301/>
    </Temperatura>
    <VazãoemDuto>
      <FY301/>
      <LD301/>
      <TT301/>
    </VazãoemDuto>
    <Densidade>
      <DT301/>
    </Densidade>
  </unit_code>
  <SETPOINT_TRACKING_MODE>
    <BYTE_SIZE>1</BYTE_SIZE>
    <TYPE>ENUM00</TYPE>
    <Temperatura>
      <TT301/>
    </Temperatura>
    <VazãoemDuto>
      <FY301/>
      <LD301/>
      <TT301/>
    </VazãoemDuto>
    <Densidade>
      <DT301/>
    </Densidade>
  </SETPOINT_TRACKING_MODE>
  <pid_mode>
    <BYTE_SIZE>1</BYTE_SIZE>
    <TYPE>ENUM00</TYPE>
    <Temperatura>
      <TT301/>
    </Temperatura>
    <VazãoemDuto>
      <FY301/>
      <LD301/>
      <TT301/>
    </VazãoemDuto>
    <Densidade>
      <DT301/>
    </Densidade>
  </pid_mode>
  <ERROR_PERCENT_RANGE>
    <BYTE_SIZE>4</BYTE_SIZE>
    <TYPE>FLOAT</TYPE>
    <Temperatura>
      <TT301/>
    </Temperatura>
    <VazãoemDuto>
      <FY301/>
      <LD301/>
      <TT301/>
    </VazãoemDuto>
    <Densidade>
      <DT301/>
    </Densidade>
  </ERROR_PERCENT_RANGE>
  <PROPORTIONAL_GAIN>
    <BYTE_SIZE>4</BYTE_SIZE>
    <TYPE>FLOAT</TYPE>
    <Temperatura>
      <TT301/>
    </Temperatura>
    <VazãoemDuto>
      <FY301/>
      <LD301/>
      <TT301/>
    </VazãoemDuto>
    <Densidade>
      <DT301/>
    </Densidade>
  </PROPORTIONAL_GAIN>
  <INTEGRAL_TIME>
    <BYTE_SIZE>4</BYTE_SIZE>
    <TYPE>FLOAT</TYPE>
    <Temperatura>
      <TT301/>
    </Temperatura>
    <VazãoemDuto>
      <FY301/>
      <LD301/>
      <TT301/>
    </VazãoemDuto>
    <Densidade>
      <DT301/>
    </Densidade>
  </INTEGRAL_TIME>
  <DERIVATIVE_TIME>
    <BYTE_SIZE>4</BYTE_SIZE>
    <TYPE>FLOAT</TYPE>
    <Temperatura>
      <TT301/>
    </Temperatura>
    <VazãoemDuto>
      <FY301/>
      <LD301/>
      <TT301/>
    </VazãoemDuto>
    <Densidade>
      <DT301/>
    </Densidade>
  </DERIVATIVE_TIME>
  <MV_HIGH_LIMIT>
    <BYTE_SIZE>4</BYTE_SIZE>
    <TYPE>FLOAT</TYPE>
    <Temperatura>
      <TT301/>
    </Temperatura>
    <VazãoemDuto>
      <FY301/>
      <LD301/>
      <TT301/>
    </VazãoemDuto>
    <Densidade>
      <DT301/>
    </Densidade>
  </MV_HIGH_LIMIT>
  <MV_LOW_LIMIT>
    <BYTE_SIZE>4</BYTE_SIZE>
    <TYPE>FLOAT</TYPE>
    <Temperatura>
      <TT301/>
    </Temperatura>
    <VazãoemDuto>
      <FY301/>
      <LD301/>
      <TT301/>
    </VazãoemDuto>
    <Densidade>
      <DT301/>
    </Densidade>
  </MV_LOW_LIMIT>
  <MV_ROC_LIMIT>
    <BYTE_SIZE>4</BYTE_SIZE>
    <TYPE>FLOAT</TYPE>
    <Temperatura>
      <TT301/>
    </Temperatura>
    <VazãoemDuto>
      <FY301/>
      <LD301/>
      <TT301/>
    </VazãoemDuto>
    <Densidade>
      <DT301/>
    </Densidade>
  </MV_ROC_LIMIT>
  <POWER_UP_SETPOINT_PERCENT_RANGE>
    <BYTE_SIZE>4</BYTE_SIZE>
    <TYPE>FLOAT</TYPE>
    <Temperatura>
      <TT301/>
    </Temperatura>
    <VazãoemDuto>
      <FY301/>
      <LD301/>
      <TT301/>
    </VazãoemDuto>
    <Densidade>
      <DT301/>
    </Densidade>
  </POWER_UP_SETPOINT_PERCENT_RANGE>
  <POWER_UP_OUTPUT>
    <BYTE_SIZE>4</BYTE_SIZE>
    <TYPE>FLOAT</TYPE>
    <Temperatura>
      <TT301/>
    </Temperatura>
    <VazãoemDuto>
      <FY301/>
      <LD301/>
      <TT301/>
    </VazãoemDuto>
    <Densidade>
      <DT301/>
    </Densidade>
  </POWER_UP_OUTPUT>
  <set_point_time>
    <BYTE_SIZE>4</BYTE_SIZE>
    <TYPE>FLOAT</TYPE>
    <Temperatura>
      <TT301/>
    </Temperatura>
    <VazãoemDuto>
      <FY301/>
      <LD301/>
      <TT301/>
    </VazãoemDuto>
    <Densidade>
      <DT301/>
    </Densidade>
  </set_point_time>
  <set_point_generator_mode>
    <BYTE_SIZE>1</BYTE_SIZE>
    <TYPE>ENUM00</TYPE>
    <Temperatura>
      <TT301/>
    </Temperatura>
    <VazãoemDuto>
      <FY301/>
      <LD301/>
      <TT301/>
    </VazãoemDuto>
    <Densidade>
      <DT301/>
    </Densidade>
  </set_point_generator_mode>
  <set_point_time_generator_mode>
    <BYTE_SIZE>1</BYTE_SIZE>
    <TYPE>ENUM00</TYPE>
    <Temperatura>
      <TT301/>
    </Temperatura>
    <VazãoemDuto>
      <FY301/>
      <LD301/>
      <TT301/>
    </VazãoemDuto>
    <Densidade>
      <DT301/>
    </Densidade>
  </set_point_time_generator_mode>
  <range_units>
    <BYTE_SIZE>1</BYTE_SIZE>
    <TYPE>UNSIGNED</TYPE>
    <Temperatura>
      <TT301/>
    </Temperatura>
    <VazãoemDuto>
      <FY301/>
      <LD301/>
      <TT301/>
    </VazãoemDuto>
    <Densidade>
      <DT301/>
    </Densidade>
  </range_units>
  <pv_display_code>
    <BYTE_SIZE>1</BYTE_SIZE>
    <TYPE>ENUM00</TYPE>
    <Temperatura>
      <TT301/>
    </Temperatura>
    <VazãoemDuto>
      <FY301/>
      <LD301/>
      <TT301/>
    </VazãoemDuto>
    <Densidade>
      <DT301/>
    </Densidade>
  </pv_display_code>
  <sv_display_code>
    <BYTE_SIZE>1</BYTE_SIZE>
    <TYPE>ENUM00</TYPE>
    <Temperatura>
      <TT301/>
    </Temperatura>
    <VazãoemDuto>
      <FY301/>
      <LD301/>
      <TT301/>
    </VazãoemDuto>
    <Densidade>
      <DT301/>
    </Densidade>
  </sv_display_code>
  <communication_write_protection_mode>
    <BYTE_SIZE>1</BYTE_SIZE>
    <TYPE>ENUM00</TYPE>
    <Temperatura>
      <TT301/>
    </Temperatura>
    <VazãoemDuto>
      <FY301/>
      <LD301/>
      <TT301/>
    </VazãoemDuto>
    <Densidade>
      <DT301/>
    </Densidade>
  </communication_write_protection_mode>
  <local_adjust_protection_mode>
    <BYTE_SIZE>1</BYTE_SIZE>
    <TYPE>ENUM00</TYPE>
    <Temperatura>
      <TT301/>
    </Temperatura>
    <VazãoemDuto>
      <FY301/>
      <LD301/>
      <TT301/>
    </VazãoemDuto>
    <Densidade>
      <DT301/>
    </Densidade>
  </local_adjust_protection_mode>
  <local_adjust_mode>
    <BYTE_SIZE>1</BYTE_SIZE>
    <TYPE>ENUM00</TYPE>
    <Temperatura>
      <TT301/>
    </Temperatura>
    <VazãoemDuto>
      <FY301/>
      <LD301/>
      <TT301/>
    </VazãoemDuto>
    <Densidade>
      <DT301/>
    </Densidade>
  </local_adjust_mode>
  <input_unit_code>
    <BYTE_SIZE>1</BYTE_SIZE>
    <TYPE>ENUM00</TYPE>
    <Temperatura>
      <TT301/>
    </Temperatura>
    <VazãoemDuto>
      <FY301/>
      <LD301/>
      <TT301/>
    </VazãoemDuto>
    <Densidade>
      <DT301/>
    </Densidade>
  </input_unit_code>
  <output_variable>
    <BYTE_SIZE>4</BYTE_SIZE>
    <TYPE>FLOAT</TYPE>
    <Temperatura>
      <TT301/>
    </Temperatura>
    <VazãoemDuto>
      <FY301/>
      <LD301/>
      <TT301/>
    </VazãoemDuto>
    <Densidade>
      <DT301/>
    </Densidade>
  </output_variable>
  <mv_ohms>
    <BYTE_SIZE>4</BYTE_SIZE>
    <TYPE>FLOAT</TYPE>
    <Temperatura>
      <TT301/>
    </Temperatura>
    <VazãoemDuto>
      <FY301/>
      <LD301/>
      <TT301/>
    </VazãoemDuto>
    <Densidade>
      <DT301/>
    </Densidade>
  </mv_ohms>
  <cal_point_limits_unit>
    <BYTE_SIZE>1</BYTE_SIZE>
    <TYPE>ENUM00</TYPE>
    <Temperatura>
      <TT301/>
    </Temperatura>
    <VazãoemDuto>
      <FY301/>
      <LD301/>
      <TT301/>
    </VazãoemDuto>
    <Densidade>
      <DT301/>
    </Densidade>
  </cal_point_limits_unit>
  <upper_cal_point_value>
    <BYTE_SIZE>4</BYTE_SIZE>
    <TYPE>FLOAT</TYPE>
    <Temperatura>
      <TT301/>
    </Temperatura>
    <VazãoemDuto>
      <FY301/>
      <LD301/>
      <TT301/>
    </VazãoemDuto>
    <Densidade>
      <DT301/>
    </Densidade>
  </upper_cal_point_value>
  <lower_cal_point_value>
    <BYTE_SIZE>4</BYTE_SIZE>
    <TYPE>FLOAT</TYPE>
    <Temperatura>
      <TT301/>
    </Temperatura>
    <VazãoemDuto>
      <FY301/>
      <LD301/>
      <TT301/>
    </VazãoemDuto>
    <Densidade>
      <DT301/>
    </Densidade>
  </lower_cal_point_value>
  <CONTROLLER_MODE>
    <BYTE_SIZE>1</BYTE_SIZE>
    <TYPE>ENUM00</TYPE>
    <Temperatura>
      <TT301/>
    </Temperatura>
    <VazãoemDuto>
      <FY301/>
      <LD301/>
      <TT301/>
    </VazãoemDuto>
    <Densidade>
      <DT301/>
    </Densidade>
  </CONTROLLER_MODE>
  <fail_safe_mode>
    <BYTE_SIZE>1</BYTE_SIZE>
    <TYPE>ENUM00</TYPE>
    <Temperatura>
      <TT301/>
    </Temperatura>
    <VazãoemDuto>
      <FY301/>
      <LD301/>
      <TT301/>
    </VazãoemDuto>
    <Densidade>
      <DT301/>
    </Densidade>
  </fail_safe_mode>
  <sensor_range>
    <BYTE_SIZE>1</BYTE_SIZE>
    <TYPE>ENUM00</TYPE>
    <Temperatura>
      <TT301/>
    </Temperatura>
    <VazãoemDuto>
      <FY301/>
      <LD301/>
      <TT301/>
    </VazãoemDuto>
    <Densidade>
      <DT301/>
    </Densidade>
  </sensor_range>
</root>
