<?xml version="1.0" encoding="UTF-8"?>

<!--
 *
 * This help file was generated from hrtSerialRead.sci using help_from_sci().
 *
 -->

<refentry version="5.0-subset Scilab" xml:id="hrtSerialRead" xml:lang="en"
          xmlns="http://docbook.org/ns/docbook"
          xmlns:xlink="http://www.w3.org/1999/xlink"
          xmlns:svg="http://www.w3.org/2000/svg"
          xmlns:ns3="http://www.w3.org/1999/xhtml"
          xmlns:mml="http://www.w3.org/1998/Math/MathML"
          xmlns:scilab="http://www.scilab.org"
          xmlns:db="http://docbook.org/ns/docbook">

  <refnamediv>
    <refname>hrtSerialRead</refname>
    <refpurpose>Faz a leitura em Hexadecimal de uma porta serial</refpurpose>
  </refnamediv>


<refsection>
   <title>Parameters</title>
   <variablelist>
        <varlistentry>
            <term>h :</term>
            <listitem><para> Porta Serial Aberta</para></listitem>
        </varlistentry>
        <varlistentry>
            <term>n :</term>
            <listitem><para> Quantidade de Caracteres</para></listitem>
        </varlistentry>
        <varlistentry>
            <term>buf :</term>
            <listitem><para> String retornada</para></listitem>
        </varlistentry>
   </variablelist>
</refsection>

<refsection>
   <title>Description</title>
   <para>
Função que faz a leitura em Hexadecimal de uma porta serial aberta pela função hrtSerialOpen
</para>
</refsection>

<refsection>
   <title>Examples</title>
   <programlisting role="example"><![CDATA[

serial = hrtSerialOpen(3,'19200,n,8,1');
[n,status] = hrtSerialStatus(serial);
if(n(1)>0)then
strFrame=hrtSerialRead(serial,n(1));
end


   ]]></programlisting>
</refsection>

<refsection>
   <title>Authors</title>
   <simplelist type="vert">
   <member>Josué Silva de Morais - josue@ufu.br</member>
   <member>www.ufu.br</member>
   </simplelist>
</refsection>

<refsection role="see also">
   <title>See also</title>
   <simplelist type="inline">
   </simplelist>
</refsection>
</refentry>
